[
    {
        "nVector": "2",
        "mVector": "1",
        "initCoord_u": "0,679005",
        "initCoord_v": "0,701318",
        "initCoord_w": "0,017033",
        "calcCoord_u": "0,721039",
        "calcCoord_v": "0,730232",
        "calcCoord_w": "0,017014"
    },
    {
        "nVector": "2",
        "mVector": "1",
        "initCoord_u": "0,717298",
        "initCoord_v": "0,642129",
        "initCoord_w": "0,231319",
        "calcCoord_u": "0,738414",
        "calcCoord_v": "0,65675",
        "calcCoord_w": "0,232369"
    },
    {
        "nVector": "2",
        "mVector": "1",
        "initCoord_u": "0,489336",
        "initCoord_v": "0,303751",
        "initCoord_w": "0,088462",
        "calcCoord_u": "0,477676",
        "calcCoord_v": "0,263221",
        "calcCoord_w": "0,088712"
    }
]