0,5/15/2021,4564
1,5/15/2021,4545
2,5/15/2021,4545
3,5/15/2021,4545
4,5/15/2021,4545
5,5/15/2021,4545
6,5/15/2021,4545
7,5/15/2021,4545
8,5/15/2021,4545
9,5/15/2021,4545
10,5/15/2021,4545
11,5/15/2021,4545
12,5/15/2021,4545
13,5/15/2021,4545
14,5/15/2021,4545
15,5/15/2021,4545
16,5/15/2021,4545
17,5/15/2021,4545
18,5/15/2021,4545
19,5/15/2021,4545
20,5/15/2021,4545
21,5/15/2021,4545
22,5/15/2021,4545
23,5/15/2021,4545
24,5/15/2021,4545
25,5/15/2021,4545
26,5/15/2021,4545
27,5/15/2021,4545
28,5/15/2021,4545
